id,first_name,last_name,email,gender,ip_address
25.96,53.4411,38.6,64.4,71,27.45426
4.665,68.8662,76.2,95.6,2,31.17476
13.566,73.7464,10.4,66.0,4,93.30935
59.358,69.6625,15.8,71.3,13,97.72937
89.447,67.2066,4.5,9.7,78,44.2159
25.707,31.2352,53.9,97.4,72,8.14742
87.879,54.6238,51.8,31.4,40,12.04136
56.374,21.0112,53.3,10.6,48,31.52681
79.445,22.4299,98.7,80.2,51,49.65852
44.825,70.4055,79.3,22.6,51,48.95188
50.146,29.6313,40.2,92.9,21,80.39331
15.463,96.2745,33.9,98.8,4,83.11945
90.155,92.2227,4.0,71.2,97,68.17329
4.887,95.5083,36.6,91.5,32,12.58684
41.96,12.2598,65.8,58.4,46,77.67836
27.516,63.4785,40.1,42.8,31,12.50428
59.389,64.5602,16.3,17.0,58,28.28686
7.161,35.5161,32.1,17.6,83,81.09331
59.221,82.0478,75.9,75.6,23,13.38327
84.449,77.6869,87.7,7.2,50,87.45778
81.118,55.5227,4.1,6.9,26,2.7237
83.73,10.7158,17.2,48.1,65,41.83511
18.563,47.4081,9.9,52.2,100,60.8488
36.608,62.0315,58.9,24.1,33,32.40445
77.291,10.3642,54.7,15.3,13,47.69817
68.669,90.186,41.8,97.7,65,95.33377
27.345,4.3391,16.3,20.7,27,1.43457
26.454,68.0259,61.6,23.1,92,95.94787
40.579,67.5328,50.4,70.2,11,33.25579
73.868,83.4608,51.6,64.5,83,48.48138
27.425,82.3865,20.8,50.6,18,83.76282
81.714,95.0635,7.8,48.0,48,73.03788
92.425,29.1298,26.3,11.5,14,35.97841
53.165,72.6065,87.5,37.3,36,8.95676
49.027,10.4988,6.8,42.6,95,75.37917
55.931,66.7853,48.5,68.4,33,85.65621
51.181,14.8505,3.0,91.9,19,45.96708
1.464,49.1997,20.6,24.5,2,69.40793
50.389,19.595,88.3,90.4,16,94.1318
75.324,22.783,8.3,34.1,92,79.85244
25.665,2.6103,49.0,4.6,33,29.46879
16.826,78.2385,6.8,1.2,60,21.4397
53.252,3.9696,27.7,97.4,80,96.88571
35.379,1.5144,53.7,14.7,67,25.76056
87.975,40.6262,86.1,3.0,53,53.38512
4.371,27.7457,53.8,33.6,27,40.70993
70.572,23.7915,87.3,13.8,80,35.85573
28.867,76.8974,41.6,41.9,88,90.59913
38.2,49.4772,50.4,82.0,45,79.84207
33.226,38.3496,66.2,46.6,74,63.18795
70.298,19.5641,61.3,46.6,51,81.75961
35.219,45.5684,75.1,17.1,50,8.01273
88.704,86.6582,10.1,56.2,47,75.84245
52.199,68.9995,64.7,32.1,74,25.7017
39.463,44.874,67.4,61.3,84,69.27361
36.898,98.9194,68.8,88.3,88,90.31425
62.729,63.594,97.7,45.9,92,86.1682
9.199,47.251,58.3,57.2,10,50.82318
4.754,21.9222,14.6,1.8,11,56.81695
88.38,14.5648,11.3,60.2,34,52.67645
78.853,65.6222,14.1,5.2,18,68.92692
94.067,24.6095,22.0,94.7,25,71.6561
42.22,59.3136,9.7,62.2,70,67.69357
1.376,30.9538,2.4,75.1,12,5.31672
18.225,47.9208,95.1,36.5,52,58.91352
69.634,22.3534,86.6,40.8,33,50.6353
52.292,8.0719,15.9,46.4,12,21.80998
53.302,61.3064,44.7,84.3,75,9.01338
77.745,26.4147,20.9,72.3,95,31.46915
55.347,53.9902,76.8,15.7,95,37.00196
79.312,9.1401,18.3,89.4,65,12.17185
70.87,16.7415,96.2,64.9,26,57.18272
35.892,71.1115,99.5,92.4,29,77.44633
25.508,81.7335,62.6,46.7,23,83.2318
20.974,11.7507,20.3,95.8,37,28.77094
34.072,9.9319,41.1,33.5,31,96.04593
33.497,5.3563,8.5,54.3,67,53.41931
34.844,63.4241,91.4,26.9,100,95.71963
36.929,68.8194,43.3,65.9,33,79.88286
81.648,73.7571,28.2,15.9,98,96.61157
42.71,93.0127,38.6,64.9,8,75.09314
25.797,83.0043,44.8,92.4,82,14.74829
46.375,21.2042,96.5,44.7,29,52.02387
96.253,68.2157,6.8,46.3,46,88.17144
44.63,43.8148,15.1,60.4,32,22.70835
4.052,49.4731,52.0,82.4,18,4.47515
54.91,72.038,79.2,85.3,47,15.3438
22.628,63.5975,38.9,25.0,72,8.96389
96.077,47.5882,30.5,65.3,23,81.42214
78.016,23.0561,77.2,16.0,19,94.27162
69.763,45.1912,43.4,42.5,16,14.66438
78.294,94.5575,74.5,52.6,62,40.59517
2.94,81.1155,60.0,41.9,15,23.21239
57.675,6.4502,8.6,65.7,53,67.71727
75.249,99.4027,16.8,11.3,90,96.95374
10.801,34.4692,74.3,91.3,83,72.32785
88.094,77.118,92.4,72.7,10,28.31906
11.735,6.58,33.2,48.2,11,70.43799
27.718,27.2037,4.0,43.3,79,69.30721
44.859,22.8282,10.4,4.4,23,3.46354
1.564,56.9501,54.3,89.0,86,60.90506
42.93,77.0969,41.3,69.0,46,76.14091
34.065,22.1647,97.0,32.8,1,55.88459
8.011,54.9771,21.7,58.0,58,77.24893
29.135,84.6908,40.8,93.1,98,11.75257
77.364,5.571,69.9,82.3,13,1.85464
7.343,27.3805,83.5,70.1,69,42.15415
53.737,11.7985,89.6,11.4,19,43.94862
96.695,87.2211,67.8,45.4,85,95.74475
78.466,51.1712,50.0,93.7,43,29.33959
2.449,27.8791,9.0,52.4,90,37.46779
71.676,26.345,74.7,94.6,32,87.53474
84.712,73.8545,21.2,94.9,41,87.88765
32.39,8.3306,41.3,24.1,86,28.48347
26.229,16.2591,10.8,25.5,54,31.58118
4.701,75.5701,56.1,19.0,90,41.10038
58.455,78.3806,57.0,28.7,42,93.69959
92.176,54.0615,16.1,66.7,86,86.14119
27.301,35.9244,72.7,28.8,36,66.37449
89.324,55.6011,81.2,36.9,2,6.74019
11.57,55.6704,71.5,65.8,81,1.06924
76.456,4.7119,51.5,41.3,40,67.74049
66.146,92.4571,8.8,39.5,77,86.70664
48.692,62.5387,74.8,46.5,68,31.47295
6.612,65.7329,49.1,88.1,30,75.69028
84.49,99.8203,17.1,13.4,15,59.51042
42.208,83.912,60.2,32.5,4,80.58138
11.845,17.6108,89.4,41.9,61,10.83441
9.718,75.3891,7.3,4.3,67,8.12143
92.24,51.4802,38.5,63.7,68,44.10644
51.418,33.0851,7.0,17.3,9,68.98591
35.992,77.7091,74.3,67.5,58,87.56314
47.698,98.7847,16.1,39.7,54,56.79481
36.121,80.8485,98.8,46.2,91,63.77434
5.731,65.7684,65.0,3.5,3,90.25215
15.115,63.2982,74.9,30.1,79,63.93887
18.746,77.5782,7.6,60.0,87,79.77103
20.771,99.1757,65.7,8.2,17,22.76149
71.599,84.8642,41.2,59.3,87,79.79123
98.252,89.8537,87.2,6.4,30,91.96276
71.626,22.0347,43.6,6.0,76,92.34049
44.685,87.4311,51.7,83.1,75,60.66143
81.079,72.1442,79.6,45.5,29,79.58087
63.107,89.446,51.6,24.4,88,48.40213
98.577,6.0057,64.8,39.6,71,92.15739
35.853,18.6813,87.5,9.8,17,27.03439
99.616,33.2186,41.8,2.1,26,81.32381
45.771,78.6871,91.9,98.3,16,49.39088
94.952,95.8526,82.9,73.7,61,44.59459
78.202,47.1677,6.9,62.8,59,88.98613
20.635,28.2373,82.1,46.5,82,70.25647
41.007,8.3535,86.5,44.1,82,55.5215
10.63,36.725,99.8,22.0,14,60.78974
59.859,9.9088,64.4,29.5,72,17.85554
67.191,28.3673,45.8,54.5,84,12.71321
5.182,38.8033,20.1,62.4,27,37.56479
80.892,33.2293,73.9,77.5,1,45.33479
57.816,22.5123,56.7,38.9,47,53.16394
46.455,39.3458,27.7,63.1,74,93.54364
25.311,29.3404,57.5,24.9,30,59.84424
87.095,46.8608,10.0,65.9,92,56.33937
67.9,17.5792,22.8,51.6,76,35.76757
22.205,22.4959,64.3,73.6,44,64.25965
49.46,60.2549,86.8,66.2,19,25.19532
67.556,53.6897,25.5,50.1,97,9.09622
92.43,52.9208,22.5,92.0,35,37.67018
42.571,61.7737,8.2,33.9,20,29.75573
65.216,28.9359,60.5,63.5,23,5.17287
8.227,94.2328,47.5,79.4,70,90.52286
58.849,84.0107,56.2,55.2,50,14.194
9.142,58.4675,12.5,57.2,58,95.07795
91.992,64.1091,96.3,23.5,38,60.70942
46.267,5.6894,58.7,72.6,62,27.06225
56.65,66.3009,78.2,14.2,72,43.2385
45.715,74.6101,11.5,32.8,36,19.32541
73.476,46.2862,48.3,67.6,65,72.85374
48.785,27.0288,72.6,20.4,27,5.44067
53.974,39.8309,28.3,63.1,18,51.6201
70.502,57.1208,45.4,48.5,62,90.57422
89.654,89.091,9.1,50.4,68,47.82004
41.4,70.9899,60.1,89.5,67,94.37367
26.976,12.8972,64.4,28.1,92,3.04668
15.203,84.6495,42.2,33.7,20,22.07124
30.662,90.7892,37.3,84.8,66,94.51007
45.241,50.1304,21.1,54.9,20,57.01557
22.441,98.3358,7.8,4.0,14,53.09296
78.717,54.2521,6.3,55.3,36,14.34383
2.194,65.666,95.4,56.3,33,20.25874
2.048,33.3647,39.2,65.6,35,29.69089
53.166,64.8244,57.4,9.8,86,5.80333
3.959,85.9809,49.0,61.5,13,42.42905
99.327,64.7604,18.0,34.9,9,55.18363
72.893,17.6742,78.3,67.4,63,28.23805
62.173,52.415,43.7,51.4,68,10.78765
48.05,35.6003,87.6,3.9,96,80.63245
27.605,89.2167,66.6,12.8,80,85.5459
26.464,80.9551,82.4,90.1,18,21.20483
70.364,85.3511,5.5,24.9,5,55.6179
9.948,12.6476,27.8,37.0,30,57.50557
20.261,79.1225,64.1,81.1,19,9.12099
83.392,83.4567,65.3,26.9,19,40.28808
6.886,22.3605,80.2,1.3,14,30.55592
61.485,50.9567,67.3,45.5,79,36.58607
61.289,35.4755,79.7,48.3,82,85.71542
78.596,32.161,76.8,86.7,92,48.44731
77.042,16.807,39.7,37.6,67,86.75607
21.982,51.3657,32.0,93.3,77,46.97577
51.879,99.2427,42.6,37.8,54,40.41983
48.666,71.8646,69.1,43.8,33,55.02084
37.372,41.6646,15.3,6.6,66,35.28431
58.577,50.4141,88.1,46.3,94,29.94744
32.47,67.4286,17.7,96.4,12,72.51967
14.947,25.3686,43.8,73.0,27,54.48799
57.59,16.3094,42.1,25.8,100,23.72231
71.924,50.5974,48.6,52.4,91,67.8011
90.998,20.7015,9.3,67.7,10,54.56926
2.543,52.8107,92.6,84.2,96,61.98367
80.483,12.1121,18.7,56.5,41,52.87643
17.308,81.8427,21.0,24.9,11,82.58795
98.722,66.7685,17.1,19.3,70,59.9932
13.459,6.9659,16.8,23.4,13,63.18416
43.881,40.4721,46.9,23.3,35,76.44888
52.392,69.8895,51.9,14.9,45,99.85204
17.15,70.5233,91.6,46.0,26,25.97185
49.911,82.792,87.7,64.4,9,56.16132
71.135,34.8047,54.2,79.2,25,27.15845
99.478,89.3404,85.9,74.7,26,81.21714
25.522,73.4798,13.5,22.2,4,16.7499
13.444,67.6324,76.9,27.2,85,61.64363
51.798,88.8227,84.6,55.4,35,34.46549
15.619,44.2123,19.5,52.0,20,30.62422
36.612,60.2506,4.8,27.3,25,90.79313
25.349,34.9053,64.3,25.4,67,7.36801
53.999,19.2611,45.8,28.5,58,22.43938
7.572,36.179,78.8,20.0,11,74.14741
69.418,91.9968,57.3,61.9,11,51.15822
73.631,4.0532,77.2,64.4,3,22.01637
1.083,56.0705,23.6,13.0,66,55.95682
55.341,26.0134,56.3,4.6,73,75.77498
30.023,97.2516,1.1,72.9,62,40.49938
50.539,20.6559,85.9,94.4,79,90.24587
19.278,40.4932,4.8,29.9,46,79.87891
26.512,88.1707,22.1,73.3,17,51.66333
12.861,79.4287,96.6,6.8,14,53.66736
76.444,70.3299,76.2,7.4,73,61.39766
85.314,37.5235,82.8,34.5,56,76.67472
43.586,72.4371,46.4,56.1,40,13.73084
19.066,43.7769,4.9,95.3,44,58.06004
96.755,72.407,35.5,44.8,77,84.30121
88.644,99.5946,47.7,96.4,71,45.87702
32.216,45.49,42.4,42.9,34,32.4156
14.163,36.9273,68.5,42.8,43,85.07053
38.435,44.0117,12.2,35.3,89,16.12921
27.432,37.0933,22.6,5.5,73,76.42738
29.791,73.0689,11.5,53.1,100,21.4776
54.541,77.9874,66.0,51.1,2,54.67694
56.512,9.9015,6.7,21.2,79,89.99911
83.29,60.2116,2.7,88.9,98,80.22433
60.723,45.5112,81.9,12.0,79,18.47725
55.725,98.898,94.4,72.3,18,43.2291
8.08,97.7644,21.8,71.8,87,38.52084
74.459,22.0888,92.8,48.5,55,5.68899
3.565,32.6815,82.3,30.5,48,3.67633
12.285,52.4343,56.7,66.6,68,86.7656
50.045,85.5163,21.1,75.8,62,40.86128
3.96,67.0518,88.9,34.9,21,63.40964
36.351,35.9746,86.8,75.4,33,3.94901
80.015,76.3698,14.9,40.0,40,88.71115
62.008,95.5804,70.6,7.4,46,46.16196
31.945,4.0424,97.0,12.8,36,7.52075
44.842,43.0755,72.5,13.2,42,49.01961
45.721,80.736,18.9,3.5,76,55.49165
75.272,7.1939,31.6,95.4,93,80.36322
97.08,66.0743,95.5,17.3,91,97.45754
12.663,6.4392,99.0,40.2,28,76.41774
31.792,81.4535,62.6,68.3,20,50.74163
71.675,67.9474,34.6,31.1,96,43.40818
23.092,93.029,8.9,75.3,87,41.35605
31.83,38.102,24.1,80.8,99,77.57398
63.581,98.4679,20.8,70.1,92,20.68273
46.488,47.7575,91.9,88.0,78,78.89057
55.891,46.1402,24.4,85.9,95,66.95275
51.887,85.5728,35.5,81.3,28,18.62639
14.071,83.2264,71.1,78.6,96,92.88985
78.186,19.7247,81.5,99.8,85,71.88246
72.304,54.0607,78.3,20.2,80,14.71062
90.935,73.6844,26.4,16.2,45,20.38067
27.631,66.5348,66.5,85.3,51,22.54814
60.91,17.5328,19.2,42.7,90,21.04186
13.461,89.6921,84.6,88.6,62,95.83638
23.781,30.2087,6.5,6.1,6,94.74358
6.01,52.5965,27.8,6.7,69,58.4674
51.726,41.3256,3.8,14.8,29,66.46615
89.473,6.3959,78.0,16.2,75,71.03415
38.901,22.4911,4.8,87.1,48,87.47539
19.497,36.7221,80.9,98.0,62,23.48018
92.145,86.2086,99.5,5.4,46,25.16951
10.918,73.1068,46.5,27.3,40,82.17937
9.856,43.3087,2.5,64.7,63,65.75724
22.018,7.4538,17.8,25.8,90,97.70728
57.512,89.3939,92.1,64.1,96,62.64515
27.699,76.9833,62.3,83.4,79,12.86863
18.176,69.9183,89.0,73.2,85,48.9895
89.348,34.8655,11.1,43.9,11,99.92447
80.619,29.6632,19.9,68.5,81,49.16061
80.35,98.4385,46.9,50.4,23,41.23952
85.167,98.5786,9.3,92.0,1,64.59915
64.075,68.9672,28.9,95.0,10,20.43828
12.777,49.3444,36.7,84.7,17,71.65107
28.998,29.3826,28.7,59.3,54,88.56193
64.64,42.2398,31.2,23.8,20,49.80979
49.517,40.3311,32.6,83.5,93,5.6888
23.285,22.0583,85.3,94.8,71,11.80308
80.924,75.4757,5.0,84.3,81,55.17413
67.402,69.588,56.7,37.6,27,80.55614
88.069,79.164,24.9,86.9,99,36.96084
33.307,76.8051,19.5,24.2,10,85.20716
63.744,53.0263,77.8,63.2,11,26.96668
81.376,90.4278,1.2,93.2,17,27.94878
51.072,36.9996,62.1,61.0,51,90.45248
2.952,83.7684,88.3,21.1,97,46.92852
67.624,88.6407,73.2,40.5,61,14.31941
87.769,57.8007,32.0,39.6,48,82.98427
35.371,79.8007,56.3,77.3,93,98.64068
55.501,23.1717,25.3,50.5,82,19.22952
10.99,15.1534,89.7,44.5,7,8.22544
47.439,78.8915,54.8,76.9,70,31.44157
76.358,3.4906,77.6,22.9,86,18.97574
49.408,46.3965,39.7,96.4,9,79.08153
24.362,8.1434,29.9,8.4,86,8.66855
6.174,46.702,4.1,82.3,94,73.81254
5.8,12.6366,86.4,25.5,84,89.51442
26.939,46.6628,12.7,42.2,6,55.35022
84.513,65.1479,71.7,78.0,18,61.60499
59.71,11.3097,13.2,48.3,69,58.12286
23.226,15.2458,10.1,23.9,40,68.57561
59.089,26.6131,94.4,28.9,52,69.01431
34.54,84.1783,15.6,40.6,94,6.64855
66.713,99.8428,65.9,58.6,26,76.64754
14.165,80.4482,26.4,3.6,84,47.6301
82.155,30.9364,82.5,49.4,39,5.25382
21.86,41.0699,42.3,37.4,37,97.74478
26.59,74.3585,75.9,6.1,49,83.2894
31.247,90.0503,98.3,51.2,58,97.59018
74.549,18.4608,14.6,71.6,55,41.22598
66.33,94.4773,80.8,84.8,44,37.69698
90.588,11.3023,15.1,37.9,26,49.27664
3.835,67.4006,2.9,26.0,74,15.39873
4.513,24.9199,7.5,90.3,33,39.89693
39.112,57.2586,97.3,87.5,8,81.54917
76.22,63.4067,69.3,92.3,10,85.82072
95.913,9.0596,18.5,8.6,21,59.44184
88.244,48.7435,96.6,53.9,28,59.1503
21.043,85.3736,54.1,66.1,87,91.62149
28.49,64.6006,53.3,11.7,67,24.02245
82.174,79.4861,60.1,94.6,62,67.60669
20.507,78.9979,60.7,14.5,89,93.06843
11.212,28.9735,34.0,24.9,87,28.77009
8.929,77.7867,57.8,40.6,76,84.82748
62.579,92.4944,81.9,74.9,4,97.62283
38.159,40.2146,24.8,12.0,59,78.39962
83.789,74.1674,9.9,12.1,37,83.9373
52.743,50.9128,4.6,86.3,72,28.73686
22.741,12.2506,16.8,61.1,71,35.19432
54.701,23.9885,13.3,17.9,75,83.14283
81.83,61.857,87.7,41.3,27,19.86966
4.783,9.1572,83.9,25.5,34,26.14901
42.034,35.7916,53.6,2.9,27,71.44401
32.9,12.3533,57.6,46.2,23,20.95667
8.832,84.3626,19.4,87.5,1,5.40891
8.096,2.7544,58.5,9.2,59,25.40716
86.665,60.6324,59.8,57.4,13,13.57481
60.558,91.5897,31.2,27.8,89,25.10651
36.274,40.9631,62.4,59.4,44,97.49555
19.511,68.6467,62.4,34.2,21,87.00295
70.748,25.923,5.5,44.4,40,90.43221
3.73,99.2665,20.9,44.5,62,51.51816
96.253,5.25,8.6,44.8,33,70.6222
51.271,13.1719,23.6,47.9,93,4.08341
20.174,45.6886,69.6,98.3,58,64.2816
75.516,55.7902,73.4,1.4,92,94.36191
18.383,74.2852,67.9,14.4,37,90.4318
7.865,60.4514,95.2,31.7,81,80.6898
58.939,81.4723,58.9,64.1,63,2.02508
10.651,23.9993,72.7,48.7,93,85.2566
19.309,18.5363,55.8,80.2,90,7.94456
19.092,26.4241,9.7,87.3,74,9.48611
47.094,1.3245,84.6,88.9,17,59.17442
16.321,24.3143,34.0,9.8,81,62.46307
41.909,74.6814,26.6,95.5,45,9.31544
96.339,87.5525,46.5,6.1,23,6.00144
22.047,58.6852,94.6,62.3,4,51.62935
42.02,49.0739,23.9,57.6,80,79.46346
25.236,13.982,69.1,29.5,24,16.52102
23.71,9.8787,96.6,6.1,48,83.24203
80.334,72.3129,59.1,58.5,69,89.08066
45.796,31.8793,41.4,48.0,81,94.33456
74.411,54.7953,51.9,4.4,100,69.17787
64.565,23.1638,35.4,52.0,68,3.38274
80.701,78.8506,43.3,20.6,67,78.56524
13.293,1.7552,57.5,88.3,58,8.16156
71.435,46.589,17.9,93.1,33,62.3074
96.106,82.6593,87.8,27.4,23,3.02617
20.314,49.2105,37.8,38.9,14,96.38134
89.565,26.1141,23.6,72.7,86,61.71934
41.347,53.9554,37.9,80.0,20,82.57303
47.912,60.8559,32.0,82.0,95,49.95857
7.433,15.1043,76.7,91.3,30,5.6868
80.25,46.9466,52.4,12.4,24,21.15942
7.717,54.0656,80.6,7.3,55,24.70748
39.186,53.9652,71.8,57.4,5,85.39684
41.407,81.0363,55.1,80.2,12,90.80806
86.481,83.6699,96.1,53.4,61,41.42866
88.805,10.4934,86.5,32.4,74,65.17057
58.675,34.4134,89.3,12.2,72,81.35433
79.629,22.3709,4.6,60.2,54,57.73262
60.985,15.1907,70.9,92.1,49,1.21076
51.835,87.2177,92.5,90.6,50,32.09691
57.347,85.6195,12.9,11.2,89,20.67697
22.412,14.176,91.4,66.6,14,34.79587
92.955,96.2016,44.3,85.0,48,60.42109
93.743,37.0324,88.0,30.3,81,36.56417
94.112,3.8393,87.2,73.0,3,42.85708
27.461,16.0173,69.3,86.7,36,20.92511
15.122,23.4317,44.3,80.4,25,33.23379
43.115,22.5331,77.7,87.5,78,88.35407
13.258,77.1886,68.2,22.3,99,98.43559
60.126,56.2117,19.6,50.5,76,63.78003
23.091,38.7724,39.2,20.9,98,61.29813
24.688,57.6482,61.5,20.4,66,25.10623
25.21,28.4709,72.1,19.9,100,36.30323
43.626,64.8439,61.5,28.1,99,16.77434
4.716,15.5749,38.2,49.0,23,91.30114
72.831,86.7543,38.7,21.8,10,69.7699
75.763,49.7231,51.8,22.3,96,84.32118
35.235,46.1825,88.3,61.0,88,88.28409
64.59,66.8578,91.4,48.0,41,59.93048
86.048,13.6322,29.8,9.4,64,13.77524
8.086,99.9238,41.4,55.4,12,87.40926
24.988,27.426,29.9,46.5,32,36.96423
27.513,48.9789,4.9,79.1,45,61.26482
6.445,46.4579,41.8,25.1,9,55.40043
59.138,41.1958,79.7,58.9,17,5.80115
12.709,83.5736,42.3,36.3,38,80.518
66.404,29.8648,40.8,82.7,14,33.59778
37.809,24.5585,80.6,17.5,63,40.58733
25.697,41.1803,6.4,37.0,17,47.34124
39.036,54.7365,87.1,34.4,78,91.39898
74.101,19.3418,99.5,10.3,43,21.49323
20.485,85.7575,87.2,83.3,50,64.93492
63.457,43.303,69.6,60.1,23,94.05871
78.93,99.9632,17.9,34.3,96,69.21859
33.124,72.8242,76.4,96.5,50,49.635
48.864,6.2455,17.4,22.8,83,49.42127
12.263,34.566,8.3,20.9,79,21.34436
37.605,21.8983,2.4,19.7,30,66.30782
49.13,84.2617,99.8,2.9,62,58.87102
43.119,82.6908,88.3,53.9,80,92.21947
90.084,87.6816,33.0,12.8,47,64.66272
33.976,53.2221,84.7,87.4,22,4.69687
74.593,97.3103,74.8,77.0,89,83.37901
16.755,52.8564,57.4,48.0,22,62.46388
49.085,7.7811,77.8,61.6,51,91.73137
50.562,65.3311,5.4,26.0,87,39.74721
20.879,1.1668,91.8,96.8,81,27.14469
2.067,31.4638,31.4,18.5,3,2.1625
29.265,92.4289,94.6,87.3,66,57.28122
70.325,89.8364,12.9,26.5,21,15.08146
53.503,92.2628,65.1,19.9,44,38.87686
62.597,67.351,15.2,44.4,29,37.77038
95.809,40.6415,89.5,70.8,45,60.63328
88.841,74.264,62.8,44.3,54,93.81595
32.72,31.1454,89.7,63.3,3,19.73447
98.523,78.0008,69.2,46.3,74,81.74231
46.715,21.4578,25.1,51.9,68,41.49005
12.015,85.1567,67.9,43.8,36,85.32605
38.366,23.343,85.2,46.7,17,92.4765
70.418,96.5794,14.7,54.5,15,39.57902
24.915,43.3148,15.1,90.7,36,6.89499
45.347,53.9246,67.6,73.5,56,34.85541
53.523,34.1457,47.9,51.0,32,79.46426
85.682,70.2754,23.8,2.4,71,27.5202
21.841,77.038,43.0,36.0,38,85.4328
12.794,56.2294,58.6,78.0,51,74.40943
78.928,65.7736,85.7,7.4,55,30.72593
37.525,61.2383,88.4,64.8,22,70.08375
56.999,62.5656,3.2,47.0,11,89.55335
97.546,36.7312,7.2,61.0,82,32.99079
62.63,46.0615,18.4,3.8,53,16.40818
23.987,8.0745,70.4,53.5,30,74.32729
97.879,48.886,91.9,17.6,13,88.4047
27.049,43.4535,36.0,40.6,21,24.64326
11.037,60.7615,43.1,79.6,71,18.45606
98.99,51.9105,84.2,40.5,23,38.12058
7.198,8.3131,69.7,79.9,95,97.32271
16.136,57.6859,40.7,24.9,94,68.5459
59.313,13.6381,2.4,57.4,62,36.82297
92.324,81.3382,14.2,45.9,5,26.928
19.725,42.1762,18.2,94.2,37,74.73433
93.894,58.5194,17.0,46.0,19,54.54178
37.955,21.5098,60.5,41.6,62,76.77832
66.642,18.0959,53.3,93.0,82,91.83718
18.992,69.0322,21.9,53.9,81,13.43808
96.343,55.9624,60.0,49.0,41,46.78436
3.775,54.9495,28.7,52.3,97,36.58424
4.145,42.3519,36.4,89.1,96,11.38402
50.709,94.0298,91.5,26.0,17,95.75059
98.091,39.016,10.3,62.3,23,46.13443
91.87,69.9874,52.0,61.7,72,17.59715
53.32,60.6622,6.3,61.5,15,31.52472
83.773,38.2859,98.5,9.7,3,49.85497
26.509,4.4347,42.0,68.7,18,23.30882
95.969,31.4381,72.6,1.5,70,44.10224
1.238,78.1872,65.4,11.7,93,90.71144
60.401,67.5664,51.5,77.1,98,17.74335
15.269,55.1214,96.7,61.6,72,21.00542
92.279,51.3543,50.7,36.9,17,82.89635
80.922,94.6288,37.1,31.6,98,89.52989
35.811,75.2722,84.9,30.3,82,11.48089
77.764,79.8694,4.9,5.7,61,95.03222
67.226,96.2133,45.8,93.3,39,32.25353
40.61,23.5691,28.7,50.0,91,64.38397
49.698,21.5469,32.8,75.7,49,53.81511
55.995,58.3113,42.4,97.2,2,63.92453
86.0,55.1911,22.9,27.8,37,23.19682
38.5,98.8127,78.9,45.8,79,85.01098
43.982,47.5331,68.7,57.4,55,7.94321
93.779,74.338,86.9,36.3,90,29.22317
93.125,13.6988,72.8,10.3,76,47.30446
96.114,36.6779,69.0,67.0,22,29.01245
35.689,30.8845,71.3,65.4,11,53.90272
87.503,74.5246,67.5,39.3,34,33.5832
70.532,60.5929,94.3,48.5,23,28.86599
24.953,38.0776,25.9,73.2,28,7.26868
47.567,87.4444,97.6,41.9,68,99.66677
35.529,92.1309,91.2,22.1,75,29.76922
4.249,58.7926,3.8,93.4,77,35.90121
51.114,10.3523,17.5,6.9,89,89.00285
41.44,9.8431,6.3,40.4,20,2.51644
32.033,74.6534,97.5,48.2,14,45.12891
72.731,89.7357,2.6,16.2,76,12.19089
61.064,82.5906,68.3,98.3,88,75.79311
14.915,12.0474,2.3,81.6,2,87.42173
99.046,6.1884,37.4,95.9,83,24.17938
68.582,6.6137,23.8,53.2,76,83.48016
49.357,32.5329,21.1,67.1,53,71.88404
95.004,99.8077,72.1,11.0,91,60.56151
74.694,72.282,69.7,53.3,52,91.89366
23.247,23.9309,10.3,56.4,21,79.71994
43.612,43.4584,22.5,53.4,19,51.35705
58.84,76.6265,76.0,64.0,68,5.18552
93.964,68.5928,44.0,10.4,94,96.39484
28.125,31.0742,27.3,92.8,74,53.01932
34.738,39.1944,45.2,66.0,17,11.96864
5.663,86.0355,79.9,27.1,67,51.59392
42.146,37.6245,77.5,34.2,28,61.62306
95.314,56.6864,88.9,95.1,100,17.74745
20.484,83.6466,64.8,69.9,61,66.68271
49.772,82.4479,25.5,83.2,54,95.85976
1.16,79.4334,68.8,52.6,99,79.28316
55.799,69.1131,9.5,47.7,5,36.8963
57.417,92.6712,99.7,50.4,68,16.88158
33.467,92.0296,46.6,69.4,10,12.23654
83.455,31.9152,50.4,41.5,23,73.01436
52.145,27.5151,76.3,75.0,3,50.48986
52.315,71.0344,27.1,95.7,16,94.08604
55.726,24.5509,9.5,67.6,1,59.0046
91.189,94.6672,3.6,34.1,25,86.09371
75.865,81.5068,2.2,10.0,89,90.85059
69.562,38.0747,90.0,49.1,29,41.40216
90.446,70.355,74.0,20.5,96,86.72182
32.677,30.5786,35.5,36.0,3,62.92695
43.381,43.8847,78.4,29.5,87,68.7051
99.693,68.7887,4.9,81.0,27,98.10983
90.268,90.4767,21.7,32.0,24,21.67633
38.87,26.7224,84.3,68.9,54,24.99225
83.643,75.832,18.8,34.5,63,58.44375
80.043,53.8186,48.2,90.8,18,34.66416
68.852,76.524,41.9,65.8,4,68.47821
34.502,94.8856,46.4,40.0,47,90.32024
5.818,59.3374,85.6,76.8,51,75.446
22.561,63.0437,26.6,12.4,82,13.36023
81.854,25.5975,26.4,49.4,78,29.90029
19.202,6.4683,87.9,73.5,44,69.08834
5.453,52.8573,36.2,16.2,50,8.2273
39.437,24.9356,8.0,56.0,98,51.31005
60.305,37.3298,13.7,35.6,45,74.48872
79.648,70.6111,39.6,98.2,49,71.60662
96.612,52.4904,11.5,73.0,19,86.91431
36.798,93.7959,43.5,25.5,60,22.44761
21.007,61.1571,1.9,67.9,39,71.18609
16.599,80.1696,50.9,50.1,29,80.77553
62.616,55.1063,66.7,89.8,27,6.0402
7.389,63.2414,91.8,55.6,75,88.39912
2.545,25.1525,29.1,92.6,38,4.44845
31.591,65.5611,43.3,82.5,56,24.33448
47.941,16.7462,99.3,5.4,76,42.49585
73.1,16.6585,89.1,27.9,75,72.29068
97.397,88.2597,26.6,65.6,68,42.9515
23.332,97.5228,71.6,84.6,4,21.66111
35.407,5.4779,6.3,71.1,42,82.94605
92.942,79.2184,21.2,60.7,74,79.7292
71.953,64.0872,64.1,40.5,39,53.69297
9.735,39.4232,16.5,31.3,71,48.86762
74.248,31.1752,22.1,84.5,61,56.35193
69.724,86.848,90.4,15.4,39,77.48571
1.855,33.8194,78.7,93.6,28,63.93007
69.17,37.7186,97.2,23.6,70,35.64966
81.643,2.9626,85.0,51.6,85,98.31298
12.285,71.9505,18.8,26.0,32,83.07183
98.408,64.9479,96.4,89.2,16,35.80624
67.974,68.3325,21.3,71.1,29,19.79779
70.487,30.6349,39.1,22.4,46,64.29286
41.434,31.3171,65.8,92.8,87,14.02612
53.418,77.4529,43.8,34.3,51,54.58913
26.554,42.1028,43.5,91.5,56,35.50464
91.702,34.3133,76.6,3.4,36,66.83854
89.153,47.4398,66.7,49.4,62,51.09769
32.617,33.6383,15.1,22.6,37,1.02033
37.836,95.6483,87.1,16.4,63,59.90567
23.9,89.3571,58.5,49.1,14,1.51554
92.648,50.0776,23.8,50.9,49,23.28533
95.395,29.4158,39.4,16.4,74,30.78992
66.858,56.1466,40.1,4.5,29,5.79496
18.147,67.893,21.6,38.7,25,94.42592
47.211,90.9831,8.5,45.4,4,30.48661
68.329,15.503,32.3,46.5,74,86.63109
89.325,26.0788,1.6,1.5,86,80.48207
14.49,77.6026,99.4,14.0,99,31.9244
52.486,33.9861,76.0,51.4,1,96.62219
91.66,54.124,21.1,71.2,31,46.84927
50.077,26.174,10.7,37.2,20,88.14537
41.702,69.4239,75.8,91.2,13,89.6382
28.517,14.6564,96.7,1.1,18,74.42108
61.273,12.3173,19.1,38.6,9,57.63969
66.483,24.3764,55.9,85.6,64,3.66988
46.046,11.0466,72.9,61.3,30,17.67902
4.904,92.0041,16.8,60.5,61,21.45888
11.946,32.7389,27.3,81.5,28,78.07592
36.288,96.1716,15.9,65.6,88,26.36583
92.566,40.1047,12.5,93.1,83,53.34385
99.403,15.9415,27.0,6.5,47,8.45292
72.145,75.3994,27.6,85.1,44,81.82371
78.969,71.8107,63.8,85.3,65,80.05898
95.94,19.1923,60.3,8.2,3,85.61373
84.083,20.0145,89.3,59.6,38,49.75633
64.517,90.5933,92.3,21.0,38,90.72105
6.888,72.7744,91.2,13.9,40,62.40983
35.306,64.1787,22.3,97.4,58,11.58921
84.982,93.1064,94.8,20.8,7,4.6278
98.548,86.9667,18.4,67.7,99,93.95738
79.121,23.0115,24.1,37.8,21,38.76844
63.432,4.5341,25.0,20.8,94,11.95369
57.37,21.0888,17.8,2.8,61,40.79353
25.441,49.089,59.5,88.6,93,40.48673
91.322,14.3688,43.2,49.0,48,7.65732
34.67,60.2155,78.7,59.9,89,42.74028
43.526,93.4579,55.5,8.1,71,62.02007
20.916,71.1487,9.8,34.4,9,43.18559
53.494,57.8529,21.7,81.1,30,53.66183
87.123,23.7388,29.5,24.4,23,19.3785
94.3,65.4604,37.0,9.5,63,28.9028
83.302,62.0492,54.9,23.5,98,68.27065
10.936,72.6661,80.9,68.6,37,97.68416
5.817,59.8975,42.4,52.8,20,6.58183
2.756,23.7775,31.2,25.1,65,54.86249
48.129,83.4805,57.0,78.0,46,64.60043
74.113,7.3426,96.8,55.8,79,6.37421
71.474,22.9254,30.3,70.2,94,90.77911
88.456,70.7577,57.2,76.2,41,29.55773
13.375,29.3848,52.1,35.7,46,65.78153
91.551,79.852,78.8,36.9,77,57.59061
98.342,5.1068,71.8,60.6,72,90.09799
45.871,75.3579,88.6,34.8,60,53.9006
9.738,85.9735,44.0,24.5,51,94.12
71.647,84.254,22.6,4.8,63,12.67819
35.504,73.1724,48.7,10.0,43,11.54329
99.398,39.6158,64.8,45.9,32,88.07017
70.069,36.2012,68.9,65.7,61,89.17615
90.936,10.5195,13.5,16.1,37,54.15163
50.295,25.4675,45.9,79.1,79,43.16599
49.733,89.5939,58.2,48.3,87,53.43219
50.248,45.9174,65.0,81.5,81,2.08957
52.158,54.7551,59.5,29.4,46,72.33701
16.225,91.8955,7.2,21.2,91,46.62723
80.869,51.1929,95.3,13.5,71,16.01677
57.48,95.6595,23.0,90.2,3,81.39791
49.272,45.2961,53.2,24.3,93,38.91048
30.845,3.806,17.8,41.5,70,21.48134
97.822,47.0693,42.2,29.1,89,47.09233
17.765,71.7739,54.2,72.2,18,80.06737
52.861,29.3911,43.3,37.1,23,69.80134
93.528,98.6167,90.5,73.2,85,3.48153
33.581,38.1021,70.1,83.9,32,87.96883
62.282,64.3614,24.4,88.3,64,18.19144
22.536,36.8375,44.9,76.3,94,22.59513
65.229,30.2781,27.6,36.4,35,32.66028
88.635,95.7597,27.6,20.1,79,29.42971
14.803,37.1618,98.8,95.2,83,40.96351
82.374,89.1954,22.4,87.4,52,20.36912
85.603,6.3054,72.8,77.4,78,73.11653
33.474,64.8548,28.7,88.6,19,32.45445
2.03,3.8561,76.1,59.4,95,56.3046
33.244,21.442,10.9,65.0,16,45.56707
23.934,50.9863,65.9,22.0,4,17.23764
52.464,14.0634,91.0,66.0,41,42.31373
65.029,8.6292,21.1,77.9,13,85.74423
88.145,30.5338,7.0,6.1,57,46.82169
71.286,32.0419,16.8,65.9,95,75.87525
48.68,55.2344,63.5,69.1,24,21.12715
9.184,74.0694,33.3,76.7,29,50.12154
73.778,94.1854,47.6,57.2,32,38.87709
60.53,23.7924,94.2,80.4,50,5.59676
66.377,22.9045,87.3,51.8,82,42.38127
7.549,5.4366,13.1,16.5,46,29.87449
49.796,83.636,85.6,64.6,6,78.4071
31.906,3.7558,39.5,40.9,19,66.44328
9.672,30.0547,95.4,8.8,30,79.94143
13.543,68.6006,46.0,61.2,64,8.30414
88.833,40.656,16.0,2.2,85,16.89622
50.233,37.523,15.8,82.1,64,45.49596
90.774,4.4618,40.6,33.0,3,31.98624
22.958,50.444,34.3,11.0,99,19.92823
20.647,8.1427,27.3,62.9,63,95.33376
70.95,64.6249,39.6,55.8,30,89.04121
84.563,82.2481,19.6,38.3,62,91.793
22.298,23.5123,37.6,97.3,20,81.49194
94.594,6.6353,88.7,99.1,9,24.95679
71.958,65.6299,92.0,49.1,45,1.61663
59.537,50.0488,78.3,42.7,1,18.25745
19.655,80.0535,76.6,45.2,46,26.342
17.795,76.5337,64.5,46.1,26,52.73696
68.406,19.265,31.2,70.7,54,47.52404
95.023,83.7111,40.2,12.3,41,99.32138
27.14,42.1827,56.2,11.3,1,58.09805
41.219,57.623,10.7,68.1,42,26.26102
31.875,42.9825,4.0,68.6,34,81.22795
29.282,99.6906,68.3,56.2,77,45.45611
38.99,35.8996,13.9,17.3,94,97.58326
61.485,76.7947,43.3,64.9,100,81.89617
74.571,12.7978,42.0,74.2,79,34.33778
84.602,47.9818,78.1,51.7,51,27.035
72.664,3.0287,16.0,58.1,52,25.14443
71.114,73.7197,35.4,67.4,31,26.779
41.721,53.2813,16.9,61.9,76,54.12571
24.47,41.3933,73.8,25.8,3,99.59716
39.145,27.8545,27.6,24.3,12,18.38494
38.864,16.9606,95.8,23.1,56,7.42913
28.363,60.2558,16.4,68.1,23,54.22102
71.76,47.5745,51.5,57.1,12,59.56368
33.378,64.9169,96.7,11.8,20,86.28989
43.745,89.8421,86.0,31.0,10,80.8091
40.782,43.6957,46.5,21.1,10,64.40586
76.051,94.1282,48.6,24.3,76,51.11822
5.209,84.6021,10.0,37.3,79,8.45676
69.04,89.6822,9.8,67.5,2,98.67205
53.782,53.7525,70.5,35.2,93,93.19297
28.846,55.5497,81.3,67.9,17,2.07171
63.864,35.1645,7.9,10.0,77,68.59894
55.157,3.7934,92.5,96.7,94,34.06595
98.169,77.8916,62.7,48.6,96,75.24707
43.959,79.0373,88.1,12.0,17,72.24283
4.98,49.5319,9.4,40.8,45,42.95288
18.263,26.0553,83.5,40.3,17,40.86108
55.843,55.5102,46.6,71.0,7,19.53276
75.209,46.5938,69.5,86.4,35,87.97134
3.919,96.9317,50.8,96.0,7,71.83166
1.754,34.8336,7.1,57.7,10,8.5333
21.543,81.8512,79.5,6.2,54,98.24188
20.93,94.5895,52.0,78.3,65,64.97683
46.093,64.7879,38.0,9.1,8,8.47267
75.695,34.3727,39.1,14.4,16,85.1287
50.828,29.1946,21.7,49.6,89,66.04768
73.764,92.2499,69.4,82.0,74,8.94722
21.331,30.5571,65.1,75.6,69,2.21454
80.536,38.5706,34.4,66.0,71,71.58003
88.82,54.2736,87.1,68.7,14,39.22063
69.194,99.0893,66.9,49.5,12,6.01413
68.84,52.6776,14.1,67.4,16,19.62445
50.322,54.943,70.1,91.4,57,88.12993
73.624,71.6622,89.5,81.1,69,84.27364
11.524,78.9775,96.6,97.0,7,93.24177
15.586,81.3661,78.4,98.0,36,6.12074
52.677,16.654,79.4,63.0,44,61.16062
88.383,5.5277,76.1,72.6,12,64.50406
5.332,88.3741,92.5,99.5,19,22.78274
33.957,33.0903,33.5,69.4,12,33.68208
77.691,87.0575,64.0,28.5,32,10.99134
73.238,75.6279,84.4,33.2,87,61.12495
30.478,85.6594,48.3,43.6,65,55.95635
68.856,90.3609,90.7,2.0,48,27.24662
82.765,87.4369,45.4,29.9,2,6.8216
56.666,91.0275,26.1,76.3,19,41.43388
35.914,24.8065,43.4,32.5,84,74.70821
82.77,39.9502,94.7,95.8,85,3.31395
73.709,76.3882,37.6,84.5,80,1.68742
88.497,57.2627,43.9,11.1,1,73.09833
97.856,31.4816,60.3,30.8,29,53.38891
37.038,28.8467,24.4,52.0,67,6.35615
62.714,39.0857,84.2,73.5,61,61.30621
6.443,6.7792,87.8,17.3,47,10.96742
86.845,57.8791,26.6,49.3,92,92.18435
82.981,68.0391,47.3,60.0,24,27.24572
8.213,88.3053,73.9,31.1,10,78.16093
26.513,72.0279,77.6,50.0,38,96.00305
53.9,64.096,63.2,94.0,76,52.35327
22.096,20.8159,29.4,36.0,100,25.12565
66.763,8.3343,95.5,67.3,9,24.86669
3.786,43.8305,85.9,51.5,35,47.49956
1.594,17.937,15.1,54.9,22,38.9434
51.502,56.2969,67.1,98.7,94,48.6147
70.583,11.8577,54.5,63.9,46,94.17006
33.513,26.705,7.7,16.4,11,37.85984
96.525,60.003,41.2,85.9,29,79.45252
90.899,21.936,69.7,22.8,61,87.79391
47.554,78.7565,37.9,40.2,79,60.17629
41.375,18.2501,5.8,17.5,79,69.40199
38.372,65.3561,77.9,13.6,50,9.9193
44.474,82.2802,82.4,63.7,82,38.10905
92.781,9.103,44.0,33.5,13,64.07743
7.664,53.0821,27.4,13.4,83,14.88107
24.963,65.4856,22.1,55.5,27,35.35878
59.374,96.1198,55.8,18.3,54,87.51075
26.584,48.6273,9.5,78.8,33,92.93022
16.963,17.4291,78.6,17.3,87,69.32767
31.39,95.4227,11.6,1.1,73,37.91134
99.066,79.4608,53.4,5.2,66,42.31848
73.263,35.8206,55.2,86.3,85,97.70707
8.742,35.0929,30.1,35.4,97,36.49491
66.241,67.3471,10.1,28.9,93,60.03381
26.282,72.8994,23.6,34.5,98,88.87239
75.525,9.2139,52.9,54.5,43,74.43081
61.996,10.7734,47.0,32.0,86,13.5085
97.976,75.4757,21.3,19.4,12,54.6714
27.842,96.7737,37.2,24.2,57,36.51454
76.745,65.4429,63.3,58.3,45,28.68596
81.106,99.2068,3.9,80.5,69,7.38242
48.897,66.8805,50.5,11.8,79,83.71282
55.263,42.1846,23.1,16.5,33,65.37652
7.069,73.6765,48.5,76.0,54,3.4591
21.061,25.8017,77.1,70.4,65,17.54502
79.146,11.7102,91.2,30.4,64,73.01214
20.104,22.2122,2.9,22.4,100,41.28132
60.066,21.0101,9.4,39.2,5,36.10567
78.817,25.1274,10.5,79.5,60,73.58287
42.892,90.8935,62.3,27.9,43,69.8428
20.289,23.3732,7.2,41.8,22,86.94372
40.94,39.0088,78.7,20.3,54,68.18631
16.426,30.8936,31.6,24.9,68,90.27793
85.838,22.4479,70.3,69.6,91,96.92602
95.657,92.6101,55.1,14.9,37,80.0493
8.769,28.5976,89.8,2.1,31,69.70487
16.477,83.1062,67.4,91.2,20,74.76835
5.198,16.1036,78.4,84.6,6,93.60983
22.636,80.8838,90.8,43.7,76,32.41646
76.493,77.3194,90.0,46.9,22,18.19187
46.12,62.5674,14.4,97.1,10,93.83739
25.652,35.6236,21.9,71.4,53,80.18289
9.816,49.2724,78.9,51.4,25,47.0046
68.233,19.8223,48.9,61.5,2,96.16106
45.894,32.6198,45.0,84.7,79,3.20764
46.519,37.6088,55.0,19.0,69,56.39894
10.256,8.8796,68.3,83.5,26,33.61375
88.87,88.5281,51.5,91.8,82,4.64253
38.16,88.8614,6.6,4.1,46,60.64389
20.884,85.4625,95.0,56.0,30,46.04774
96.115,48.6884,80.7,90.1,33,61.11007
25.062,49.4262,4.1,75.2,95,36.79333
51.001,42.0419,35.2,98.3,95,88.05959
9.74,40.3255,58.7,46.0,85,84.8141
16.79,2.4904,20.5,59.5,67,5.22603
55.511,73.4928,86.0,54.7,89,77.99798
7.303,93.0973,62.3,72.9,30,68.17239
51.466,31.0136,34.6,54.8,15,71.14042
46.906,10.3153,90.9,43.2,92,11.85173
21.998,2.6757,7.8,88.4,45,77.62991
26.418,34.1011,55.7,67.4,68,47.26186
18.73,43.9595,65.1,82.9,29,6.32339
49.258,36.123,79.5,28.2,64,14.2459
69.797,40.598,43.0,99.3,51,86.31369
72.618,94.4106,67.2,88.7,13,37.88092
22.097,69.3363,41.4,20.4,81,41.18951
28.855,37.4178,32.6,57.9,46,48.4123
87.968,59.3504,1.5,83.9,66,35.41923
73.119,69.7536,30.6,17.4,74,82.29238
34.629,74.1111,47.5,81.2,48,55.87388
20.423,25.6318,73.9,91.0,52,20.45113
32.277,74.8217,78.7,49.9,47,51.41533
18.63,91.5994,56.3,19.8,24,42.33888
27.738,92.535,6.7,65.6,17,26.40988
49.055,49.3623,70.0,16.3,85,74.37444
7.363,81.5284,12.3,41.9,36,58.1001
2.058,97.9987,86.9,55.2,84,25.32444
25.377,71.8805,26.8,6.8,81,48.14994
1.827,34.1146,62.9,80.0,33,12.5788
82.372,4.6155,19.0,68.7,43,73.66903
2.113,29.2896,3.4,44.2,3,26.33666
59.724,2.7928,20.7,45.4,81,76.78311
24.853,57.5029,72.0,64.9,75,64.83819
52.459,67.1254,86.0,46.5,98,39.01875
1.155,34.4106,72.8,84.4,72,2.05413
40.58,17.3544,58.1,37.0,29,8.01431
7.573,95.9403,78.5,94.6,38,14.38778
36.652,77.0298,51.6,98.9,34,80.66879
50.629,9.384,69.6,25.5,100,37.52607
88.809,47.6549,69.5,47.2,57,2.75107
19.268,9.9488,59.4,26.2,89,55.95732
77.932,2.4171,5.5,2.2,5,48.46546
91.519,33.2761,71.2,66.8,86,98.29646
14.085,37.4167,70.0,47.2,67,52.1272
44.741,7.3404,48.8,70.6,69,92.0167
23.444,43.6143,78.4,21.0,77,12.16637
84.55,66.3146,26.8,46.1,18,62.44719
58.183,27.2765,60.3,72.6,86,44.45348
9.481,59.3677,45.4,89.1,77,19.98256
29.15,23.8979,26.0,63.8,4,58.24274
54.172,75.8318,41.6,56.6,77,46.8606
36.07,39.6466,20.8,45.5,80,14.44623
66.512,51.2421,62.8,13.4,78,78.5182
69.969,61.7898,75.5,51.8,16,11.91191
42.089,1.6826,71.1,91.1,15,68.15467
99.774,32.8356,87.3,45.2,57,31.82592
24.591,26.0514,67.3,42.7,75,29.98323
52.634,64.3299,88.2,79.0,35,23.98724
78.111,99.2452,90.0,83.8,44,55.0548
78.161,87.3324,51.6,20.4,87,14.86893
86.9,5.862,92.0,19.6,72,51.9035
19.25,4.2476,82.3,44.5,85,31.09534
7.279,83.0845,94.4,88.3,49,37.08015
34.115,65.2663,52.5,79.9,4,40.84936
25.267,45.2368,11.8,8.4,21,75.72639
74.268,33.8824,81.1,25.7,94,20.8594
28.026,68.0033,71.6,31.4,83,88.8072
74.889,18.2692,80.7,93.8,45,69.79136
23.624,23.5627,34.3,46.4,37,95.05003
40.76,85.9404,53.2,16.4,65,75.48748
38.491,90.2742,53.2,56.8,43,70.34647
55.17,39.2978,55.5,78.7,9,95.21103
84.568,35.1614,54.7,65.4,69,59.59738
21.067,75.1818,78.3,75.2,49,22.21535
41.444,57.45,22.9,29.4,70,83.94757
22.833,42.4324,20.7,46.5,25,6.3024
72.658,40.4005,40.4,10.8,73,20.42546
90.06,62.9649,12.8,17.2,20,42.61398
72.462,80.5702,64.5,99.5,81,45.30467
82.285,1.3196,89.4,77.5,48,22.64221
93.185,15.6693,11.7,83.2,8,59.03806
98.746,8.4105,34.0,33.4,11,78.44938
33.766,44.2798,45.0,24.2,97,78.90031
49.475,34.0665,24.3,69.6,31,87.28911
54.989,58.7463,59.4,52.0,88,87.13299
37.754,51.4409,88.6,30.2,41,54.86486
80.301,85.991,38.5,53.6,71,62.52073
12.85,67.4069,40.6,64.1,35,69.09725
91.946,75.6033,69.5,11.1,59,28.3612
21.233,17.5226,48.0,77.1,20,86.4546
76.806,87.396,93.7,44.3,97,61.71874
94.828,31.2532,89.6,80.2,78,74.25289
61.183,71.7842,87.8,61.3,6,70.59585
30.98,61.6014,54.8,64.0,33,97.85017
94.24,56.9845,18.9,83.6,8,85.324
25.384,30.5783,43.8,7.2,28,75.91499
39.434,33.8787,68.6,3.3,56,10.32218
73.017,8.0586,80.4,89.7,34,68.31558
80.941,79.0205,9.5,90.1,47,14.04413
72.38,17.1859,55.8,29.8,9,21.01021
21.952,87.0581,4.9,56.4,7,37.7209
51.318,13.734,66.3,57.1,25,9.04523
7.653,61.8012,48.6,65.2,83,96.47062
3.139,9.8,83.3,29.6,54,91.78512
25.96,25.9193,72.7,87.5,11,65.53544
57.687,83.8271,64.6,5.8,88,97.68081
73.503,30.8951,87.4,85.3,88,15.36121
94.926,61.8334,67.8,22.1,39,53.72859
45.967,80.6416,34.2,17.8,20,4.03673
68.118,51.8307,38.7,43.3,64,22.80514
47.073,43.6788,60.1,66.3,17,60.59958
13.872,22.1611,52.2,85.3,23,98.67373
92.089,61.0515,96.9,97.0,22,30.30434
7.603,16.9837,44.8,2.0,9,43.761
88.362,94.0495,68.4,22.4,26,22.62816
16.568,54.6846,71.3,55.4,71,84.71562
45.438,38.7934,17.0,7.2,41,9.0639
55.313,19.5456,56.1,96.4,92,72.28203
5.74,71.7311,92.8,38.8,86,99.94541
58.37,61.6021,56.3,4.5,89,46.6298
55.651,92.8568,19.1,75.4,17,74.54518
65.468,61.3851,34.6,29.3,36,71.0905
67.815,24.0085,97.4,2.9,34,4.60715
53.091,16.6388,80.5,49.6,89,70.06586
71.05,18.5992,72.0,73.8,86,72.75562
32.457,49.0117,44.0,65.5,12,21.71719
38.229,41.114,7.3,50.1,94,33.47167
2.392,47.1115,22.7,33.9,70,11.66135
16.821,27.0913,61.8,64.8,89,7.69125
11.828,90.1571,48.7,68.0,5,8.10367
10.459,5.6763,87.5,39.6,42,33.19441
47.743,78.0902,8.3,18.0,97,57.75363
4.204,15.534,58.9,93.8,42,41.20203
94.729,67.4044,40.8,21.9,13,94.28119
